andreeab|123|Andreea B|Oradea|1.79|a@yahoo.com|12-01-2023^62~18-01-2023^59~29-01-2023^58
dariusf|456|Darius F|Satu Mare|1.72|d@yahoo.com|11-01-2023^75~25-01-2023^78
florinah|789|Florina H|Satu Mare|1.65|f@yahoo.com|13-01-2023^62~22-01-2023^60
mariusz|012|Marius Z|Oradea|1.75|m@yahoo.com|01-11-2023^85~22-01-2023^84~25-01-2023^84
catalins|765|Catalin S|Satu Mare|1.70|c@yahoo.com|10-01-2023^94~25-01-2023^95
bogdanas|987|Bogdana S|Oradea|1.67|b@yahoo.com|11-01-2023^101~22-01-2023^100
silviua|498|Silviu A|Satu Mare|1.68|s@yahoo.com|13-01-2023^114~22-01-2023^112~25-01-2023^111
